"Country","Alcoholic Beverages","Animal Products","Animal fats","Aquatic Products, Other","Cereals - Excluding Beer","Eggs","Fish, Seafood","Fruits - Excluding Wine","Meat","Miscellaneous","Milk - Excluding Butter","Offals","Oilcrops","Pulses","Spices","Starchy Roots","Stimulants","Sugar Crops","Sugar & Sweeteners","Treenuts","Vegetal Products","Vegetable Oils","Vegetables","Obesity","Undernourished","Confirmed","Deaths","Recovered","Active","Population","Unit (all except Population)"
"Afghanistan",0,21.6397,6.2224,0,8.0353,0.6859,0.0327,0.4246,6.1244,0.0163,8.2803,0.3103,1.0452,0.196,0.2776,0.049,0.098,0,0,0.7513,28.3684,17.0831,0.3593,4.5,"29.8",0.0814021344829399,0.00189527364491877,0.0331318016928658,0.0463750591451554,38042000,"%"
"Albania",0,32.0002,3.4172,0,2.6734,1.6448,0.1445,0.6418,8.7428,0.017,17.7576,0.2933,3.1622,0.1148,0,0.051,0.527,0,0,0.9181,17.9998,9.2443,0.6503,22.3,"6.2",0.0840447865640308,0.00192442267319804,0.0484254723582925,0.0336948915325402,2858000,"%"
"Algeria",0,14.4175,0.8972,0,4.2035,1.2171,0.2008,0.5772,3.8961,0.0439,8.0934,0.1067,1.1983,0.2698,0.1568,0.1129,0.2886,0,0,0.8595,35.5857,27.3606,0.5145,26.6,"3.9",0.0305787218356909,0.00206653458047275,0.0215891812191863,0.00692300603603188,43406000,"%"
"Angola",0,15.3041,1.313,0,6.5545,0.1539,1.4155,0.3488,11.0268,0.0308,1.2309,0.1539,3.9902,0.3282,0.0103,0.7078,0.1128,0,0,0.0308,34.701,22.4638,0.1231,6.8,"25",0.000849587933942152,3.50017500875044e-05,0.00025774015973526,0.000556846024119388,31427000,"%"
"Antigua and Barbuda",0,27.7033,4.6686,0,3.2153,0.3872,1.5263,1.2177,14.3202,0.0898,6.6607,0.1347,1.3579,0.0673,0.3591,0.0449,1.0549,0,0,0.202,22.2995,14.4436,0.2469,19.1,NA,0.0711340206185567,0.00309278350515464,0.022680412371134,0.045360824742268,97000,"%"
"Argentina",0,30.3572,3.3076,0,1.3316,1.5706,0.1664,0.2091,19.2693,0,5.8512,0.1878,0.064,0.0213,0.0213,0.111,0.2475,0,0,0.1366,19.6449,17.3147,0.1878,28.5,"4.6",0.133365228420748,0.00274149402523421,0.0448029551169363,0.0858207792785776,44939000,"%"
"Armenia",0,29.6642,6.2619,0,2.5068,1.6196,0.2218,0.5468,10.8165,0.0361,10.4709,0.2734,0.6602,0.0774,0.0103,0.0567,1.8002,0,0,0.9542,20.3384,12.8127,0.8717,20.9,"4.3",0.832039162727887,0.0143821742066172,0.442808912896691,0.374848075624578,2962000,"%"
"Australia",0,24.1099,4.603,0,0.9908,0.7017,0.4515,0.4028,11.6002,0.052,6.5196,0.2339,1.2929,0.026,0.1007,0.0422,0.7926,0,0,1.6145,25.8901,20.3612,0.2144,30.4,"<2.5",0.0306816834617664,0.000410985971151946,0.0276901798063624,0.00258051768425212,25305000,"%"
"Austria",0,27.8268,12.8517,0,1.2297,1.2147,0.4259,0.2249,8.1099,0,5.1497,0.075,1.1367,0.012,0.102,0.045,0.4439,0,0,0.8398,22.1762,17.9323,0.2039,21.9,"<2.5",0.198873493297285,0.00790807705305847,0.184758364312268,0.006207051931959,8877000,"%"
"Azerbaijan",0,32.1198,7.7987,0,5.4481,2.0197,0.2122,0.594,11.9993,0.017,9.9202,0.1612,0.1867,0.0255,0.017,0.1697,1.3663,0,0,2.2573,17.8802,7.1538,0.6534,19.9,"<2.5",0.163863114835877,0.00197545645016462,0.0900528783797266,0.0718347800059862,10023000,"%"
"Bahamas",0,30.2259,4.56,0,3.6327,1.2829,1.4991,0.8995,17.4941,0.3556,5.1318,0.258,2.6077,0.0209,0.2719,0.0349,0.9343,0,0,0.4532,19.7741,10.1659,0.3974,32.1,NA,0.0267352185089974,0.00282776349614396,0.0223650385604113,0.00154241645244216,389000,"%"
"Bangladesh",0,9.8365,1.2369,0,6.9946,1.2664,2.1646,0.427,1.8407,0.0147,3.2249,0.1178,0.6332,0.5448,1.0602,0.2209,0.0295,0.0147,0,0.2651,40.1561,29.6422,0.3092,3.4,"14.7",0.0841874049136356,0.00106191229753096,0.034049014156794,0.0490764784593107,163667000,"%"
"Barbados",0,25.8451,3.9733,0,2.1187,1.213,1.806,0.4636,13.1382,0.3235,5.6176,0.097,3.2616,0.2318,0.3181,0.1078,0.6038,0,0,0.7817,24.1576,15.6882,0.2534,24.8,"3.9",0.0337979094076655,0.0024390243902439,0.0313588850174216,0,287000,"%"
"Belarus",0,23.8181,7.8662,0,4.8075,1.5772,0.5151,0.2316,11.5636,0.0519,2.0644,0.2316,0.4392,0,0.016,0.1957,0.8385,0,0,1.0462,26.1859,18.2119,0.3394,26.6,"<2.5",0.649360937995141,0.00404563219604943,0.475620576740256,0.169694729058836,9467000,"%"
"Belgium",0,26.7378,12.6234,0,1.3531,1.1703,0.6188,0.2373,5.6817,0,6.5057,0.1379,0.5226,0.0353,0.0994,0.077,0.0834,0,0,1.2056,23.2622,19.3504,0.2982,24.5,"<2.5",0.534953744108919,0.0849362890556816,0.147853028451737,0.302164426601501,11458000,"%"
"Belize",0,23.7877,9.8102,0,3.051,0.6759,0.4155,0.3039,10.3435,0.1984,2.5053,0.031,1.4511,0.3783,0.0496,0.031,0.8062,0,0,0.3845,26.2123,19.3538,0.2108,22.4,"7.5",0.00588235294117647,0.000490196078431373,0.00441176470588235,0.000980392156862745,408000,"%"
"Benin",0,6.1742,0.4816,0,4.6952,0.2064,0.8599,0.1978,3.2849,0.0258,1.2469,0.0946,7.3007,0.6535,2.597,1.0835,0.1118,0,0,1.9176,43.8301,24.8775,0.3612,8.2,"10.1",0.00973646301160919,0.000135581730361834,0.00259300059317007,0.00700788068807728,11801000,"%"
"Bolivia",0,30.4177,4.1685,0,2.7296,1.5174,0.1831,0.5407,21.1476,0.0436,3.2703,0.1395,1.3604,0.2093,0.1483,0.4796,0.7849,0,0,0.7413,19.5779,12.3485,0.1919,18.7,"17.1",0.274838709677419,0.00884045335658239,0.074254577157803,0.191743679163034,11470000,"%"
"Bosnia and Herzegovina",0,24.6478,2.4453,0,3.6588,0.8354,0.3049,0.5976,9.6957,0.0915,11.2629,0.1037,0.9208,0.2012,2.2196,0.1342,2.4819,0,0,0.9574,25.3552,13.2996,0.7866,19.4,"<2.5",0.112653879186945,0.00509590609791011,0.0669338677354709,0.0406241053535643,3493000,"%"
"Botswana",0,16.9634,4.131,0,7.183,0.2697,0.3622,0.1696,3.4759,0.1927,8.5241,0.2081,1.1715,0.1156,0.5472,0.1927,0.7399,0,0,0.1541,33.0328,22.3815,0.185,16.1,"26.4",0.00402978537012703,4.38020148926851e-05,0.00109505037231713,0.00289093298291721,2283000,"%"
"Brazil",0,24.8515,4.3627,0,1.1278,0.7706,0.1886,0.2528,14.292,0,5.1654,0.0763,1.7097,0.2528,0.008,0.1204,0.1164,0.0361,0.012,0.1766,25.1445,21.2153,0.1204,22.3,"<2.5",0.642110618538972,0.0275266084497353,0.356380295415894,0.258203714673342,209332000,"%"
"Bulgaria",0,27.1456,8.0274,0,1.8485,1.2201,0.3404,0.2723,9.3523,0.0262,7.9698,0.2356,1.6547,0.0471,0.6179,0.0367,0.1885,0,0,0.3404,22.8518,17.5787,0.2461,27.4,"3.6",0.0672544802867384,0.00313978494623656,0.0359569892473118,0.02815770609319,6975000,"%"
"Burkina Faso",0,7.2367,0.5981,0,10.5524,0.4061,0.3692,0.0443,3.5741,0.0148,2.1636,0.1255,11.9406,0.5391,0.096,0.0369,0.0222,0,0,0.2658,42.7706,19.1774,0.0665,4.5,"20",0.00471925594212883,0.000260813936322031,0.00408444466315634,0.00037399734265046,20321000,"%"
"Cabo Verde",0,21.9578,4.2923,0,5.1318,0.8468,0.5256,0.1898,9.9204,0.1679,6.2851,0.0803,1.4819,0.4526,0.9709,0.0949,0.4161,0,0,0.1752,28.0385,18.6656,0.3066,10.6,"12.6",0.21,0.00218181818181818,0.103636363636364,0.104181818181818,550000,"%"
"Cambodia",0,18.851,0.8839,0,9.4179,0.5639,4.8461,0.2438,11.7799,0.1372,0.6248,0.1372,8.2902,0.2743,0.5029,0.3657,0.061,0.0762,0,0.3048,31.149,11.2313,0.2591,3.5,"16.4",0.000855219263662279,0,0.000788500030326924,6.67192333353551e-05,16487000,"%"
"Cameroon",0,6.3264,0.7838,0,6.9796,0.0746,0.9051,0.7931,3.3685,0.028,1.1197,0.084,9.7509,0.8491,0.7465,0.5319,0.1213,0,0,0.1026,43.6689,23.2155,0.5505,9.5,"9.9",0.0486628536095223,0.00120961508733962,0.0390323079301283,0.00842093059205441,25876000,"%"
"Canada",0,23.1663,9.7895,0,1.544,1.2437,0.4244,0.4244,7.8211,0.062,3.8812,0.0065,2.36,0.1991,0.0979,0.0588,0.1795,0,0,1.211,26.8353,20.4733,0.222,31.3,"<2.5",0.281166974046454,0.0229385507711223,0.180923743083955,0.0773046801913773,37413000,"%"
"Central African Republic",0,18.5453,2.8767,0,2.7645,0.1122,0.5509,0.4998,12.9144,0.0102,1.7342,0.3468,7.0183,0.4794,0.0102,1.0609,0.0408,0,0,0,31.4598,19.4838,0.0918,6.3,"59.6",0.0722655426765016,0.000948366701791359,0.0147312961011591,0.0565858798735511,4745000,"%"
"Chad",0,16.8564,3.1261,0,7.986,0.0701,0.648,0.0701,7.8546,0.0088,4.4308,0.7268,16.7863,0.5342,0,0.1926,0.0263,0,0,0,33.1436,7.5131,0.0263,4.8,"37.5",0.00529663608562691,0.000452599388379205,0.00477064220183486,7.3394495412844e-05,16350000,"%"
"Chile",0,32.5206,5.2608,0,3.1847,1.4085,0.5204,0.4186,20.2172,0.0339,5.0798,0.0396,1.1596,0.2093,0.0283,0.181,0.4356,0,0,0.7241,17.4737,10.844,0.2602,28.8,"2.7",1.42346783901188,0.0288323651017952,1.21531375935521,0.179321714554875,19107000,"%"
"China",0,31.0465,3.4468,0.0097,2.5989,2.3066,0.9817,0.2344,21.6062,0.1517,2.2156,0.4784,1.8351,0.0234,0.0676,0.0565,0.9362,0,0.0179,1.7979,18.9535,10.659,0.5763,6.6,"8.5",0.0060626023762008,0.000331967125168988,0.00569436993483688,3.62653161949314e-05,1398030000,"%"
"Colombia",0,21.4008,1.7819,0,1.7347,1.7819,0.3717,1.2273,11.3996,0.0177,5.9535,0.118,0.9854,0.1652,0.1239,0.2832,0.2655,0,0,0.5251,28.5992,23.0824,0.1829,22.1,"4.8",0.182623972684321,0.00646365188390837,0.076120617779013,0.1000397030214,50374000,"%"
"Congo",0,12.9993,0.339,0,2.7016,0.1377,1.854,0.837,9.6514,0.053,0.678,0.339,5.0429,0.1483,0.0106,1.0806,0.5191,0,0,0.0212,36.9954,26.0091,0.5827,8.4,"40.3",0.147073034751905,0.00360527782939974,0.0267794090317785,0.116688347890727,5381000,"%"
"Costa Rica",0,20.5571,6.1,0,1.6733,1.1492,0.9286,0.57,5.6449,0.0138,6.67,0.0552,1.0389,0.2436,0.0414,0.0506,0.4045,0,0.0138,0.354,29.4475,24.8736,0.1701,25.7,"4.8",0.0618577075098814,0.000296442687747036,0.02699604743083,0.0345652173913043,5060000,"%"
"Cote d'Ivoire",0,5.3253,0.2726,0,4.9709,0.4271,1.2268,0.5271,2.5809,0.0091,0.5634,0.2545,4.8891,0.1,0.6089,1.2359,1.9357,0,0,2.3355,44.6747,27.7354,0.3272,9,"19",0.0356706122129027,0.000258681508191581,0.0149251391392961,0.0204867915654151,25514000,"%"
"Croatia",0,29.3768,7.4457,0,2.9565,0.9476,0.5633,0.2577,11.4896,0,8.7951,0.131,1.8123,0.0175,0.0655,0.0393,2.6726,0,0,0.6987,20.6254,11.7123,0.393,27.1,"<2.5",0.0663625154130703,0.0026387176325524,0.0530702836004932,0.0106535141800247,4055000,"%"
"Cuba",0,25.9025,3.2213,0,4.4779,1.4788,0.2638,0.6179,16.0233,0.0139,4.7695,0.1458,2.6937,0.6248,0.0417,0.3749,0.1458,0,0,0.0069,24.0975,14.5446,0.5554,26.7,"<2.5",0.0207991437745273,0.000767035319300749,0.0196307527648948,0.000401355690331787,11212000,"%"
"Cyprus",0,20.9578,1.8698,0,3.4616,1.0044,0.7309,0.3632,10.5506,0.1614,6.6945,0.1031,2.1164,0.0628,0.0538,0.0404,1.9236,0,0,0.8609,29.0467,19.7381,0.2601,22.6,"5.6",0.07952,0.00152,0.06664,0.01136,1250000,"%"
"Czechia",0,25.1685,9.7011,0,1.1998,0.8222,0.3,0.187,8.6212,0.0212,5.6463,0.0776,0.4941,0.0353,0.0635,0.0565,0.9563,0,0,0.4164,24.8333,21.2267,0.1729,28.5,"<2.5",0.108744142455483,0.00326148078725398,0.072211808809747,0.0332708528584817,10670000,"%"
"Denmark",0,35.4131,14.2498,0,1.4741,1.7484,1.1313,0.5257,9.2408,0,8.8142,0.2285,0.7161,0.0152,0.1752,0.0533,1.6874,0,0,1.1846,14.585,8.4752,0.2819,21.3,"<2.5",0.221257948101048,0.0103797903419832,0.201202955834336,0.00967520192472933,5819000,"%"
"Djibouti",0,11.1065,1.3966,0,4.3977,0.2494,0.291,0.1247,5.121,0.1413,3.8573,0.1912,0.4323,0.557,0.3159,0.0333,0.5653,0,0,0.4157,38.8977,31.449,0.4572,12.2,"18.9",0.476694045174538,0.0053388090349076,0.446406570841889,0.0249486652977413,974000,"%"
"Dominica",0,26.925,3.8063,0,1.4913,0.3619,1.6536,1.1856,13.7339,0.1123,7.232,0.1373,4.8172,0.1373,0.468,0.4867,1.7846,0,0,0.0312,23.0812,12.3237,0.2309,28.2,"6.2",0.025,0,0.025,0,72000,"%"
"Dominican Republic",0,15.2779,2.2261,0,1.4528,1.1248,0.2484,3.6133,7.3718,0.0422,4.1194,0.1875,2.9103,0.1921,0.0609,0.0797,0.2906,0,0,0.0703,34.7221,25.8881,0.1218,26.9,"9.5",0.301663461538462,0.00698076923076923,0.164826923076923,0.129855769230769,10400000,"%"
"Ecuador",0,20.9283,4.7198,0,3.6672,1.0246,0.2519,0.4367,8.7453,0.028,6.0803,0.1008,0.8566,0.0616,0.0392,0.084,0.1848,0,0,0.0784,29.0745,23.5541,0.084,19.3,"7.9",0.319984943247626,0.0256485985638175,0.156694463747973,0.137641880935835,17268000,"%"
"Egypt",0,15.9979,3.4231,0,13.4988,0.8448,1.32,0.7216,6.4678,0.0088,3.6343,0.2992,4.4615,0.1584,0.2376,0.1936,0.0792,0.0704,0,0.2992,34.0109,13.6132,0.66,31.1,"4.5",0.0658039247355245,0.00281535169183558,0.0177047161430994,0.0452838569005895,99064000,"%"
"El Salvador",0,23.3032,6.3901,0,8.1958,1.6034,0.4514,1.4321,6.6547,0.1012,8.1491,0.0545,5.0669,0.5837,0.0311,0.1401,0.3269,0,0,0.1167,26.6968,10.2506,0.4514,22.7,"9",0.0919429810969941,0.00235512860241711,0.0551131081499845,0.0344747443445925,6454000,"%"
"Estonia",0,33.219,6.5339,0,2.8982,1.583,0.2818,0.3805,10.4279,0.0188,14.275,0.1174,0.3664,0.0658,0.1926,0.0892,2.7855,0,0,1.2495,16.7833,8.4457,0.2865,23.8,"2.9",0.149623493975904,0.00519578313253012,0.136897590361446,0.00753012048192771,1328000,"%"
"Eswatini",0,20.8055,3.1415,0,12.0023,0.4718,0.3682,0.4718,11.1162,0.1151,5.4315,0.2762,3.4062,0.2071,0.817,0.3222,0.0575,0,0,0.6559,29.1945,10.9436,0.1956,13.5,"20.6",0.0712591240875912,0.0010036496350365,0.0339416058394161,0.0363138686131387,1096000,"%"
"Ethiopia",0,11.1691,1.4358,0,11.3929,0.2238,0.0559,0.4102,4.1768,0,5.1091,0.1678,2.6851,2.5545,2.6851,0.8018,0.0186,0,0,0.7459,38.8216,17.4156,0.1305,3.6,"20.6",0.00507588397469642,8.7438324753076e-05,0.0019022296772812,0.00308621597266214,112079000,"%"
"Fiji",0,20.0472,7.6883,0,1.5114,0.5773,1.4694,0.084,8.423,0.0262,1.7948,0.0945,8.9635,0.2991,0.1312,0.3569,0.4408,0,0,0.1469,29.9554,17.8168,0.1732,30,"3.7",0.00201793721973094,0,0.00201793721973094,0,892000,"%"
"Finland",0,36.725,6.3787,0,1.7872,0.8524,0.9384,0.2901,16.6649,0.1146,11.8155,0.0788,0.6017,0.0179,0.043,0.0537,0.7844,0,0,0.5157,13.2732,8.8607,0.2041,24.9,"<2.5",0.130374932077522,0.00594095272595544,0.119543560949103,0.00489041840246332,5521000,"%"
"France",0,30.2594,9.1996,0,1.4334,0.9894,0.8752,0.3869,11.0864,0.0159,7.9533,0.1554,0.685,0.0254,0.0285,0.0412,0.6279,0,0,0.853,19.7406,15.4658,0.1776,23.2,"<2.5",0.30767190054601,0.0459342320387451,0.116873862479563,0.144863806027702,64834000,"%"
"French Polynesia",0,25.1596,4.6648,0,3.7271,0.822,1.5842,0.1995,14.0782,0.2913,3.8827,0.1277,4.7566,0.0399,0.02,0.0758,1.269,0,0,0.3192,24.8404,14.0024,0.1397,NA,"4.2",NA,NA,NA,NA,279000,"%"
"Gabon",0,19.2656,0.7379,0,4.1074,0.1956,2.0359,0.6401,13.4068,0.1422,2.2937,0.5957,8.9438,0.0089,0,0.5779,0.7112,0,0,0.0178,30.7344,15.3805,0.2045,13.4,"10.5",0.239384191176471,0.00183823529411765,0.106939338235294,0.130606617647059,2176000,"%"
"Gambia",0,6.0418,0.2548,0,4.9416,0.2113,1.3488,0.0373,1.3488,0.0622,2.8468,0.0311,12.4751,0.0311,0,0.0124,0.0995,0,0,0.2362,43.9582,25.9883,0.0746,8.7,"10.2",0.00191652470187394,8.51788756388416e-05,0.00110732538330494,0.000724020442930153,2348000,"%"
"Georgia",0,25.2749,7.2612,0,4.5695,1.1781,0.4284,0.2071,7.2326,0.1071,9.0818,0.1,0.6854,0,0.0714,0.0928,2.7774,0,0,1.1566,24.718,14.8579,0.1999,23.3,"7.9",0.0231173380035026,0.000375281461095822,0.019639729797348,0.00310232674505879,3997000,"%"
"Germany",0,28.1419,11.0084,0,1.1778,1.0462,0.7019,0.2632,8.9127,0,6.4289,0.0472,0.8909,0.0101,0.0844,0.0607,0.6614,0,0,1.6739,21.8581,16.8163,0.216,25.7,"<2.5",0.234287605294826,0.010791817087846,0.213787003610108,0.00970878459687124,83100000,"%"
"Ghana",0,7.6875,0.806,0,5.6789,0.3472,2.7774,1.2151,3.1618,0.0496,0.4216,0.1736,10.9113,0.3968,1.2771,2.0087,0,0,0,0.0868,42.3063,20.4464,0.248,9.7,"5.5",0.0552887949539315,0.000369868894686437,0.0420065387536739,0.0129123873055711,30281000,"%"
"Greece",0,17.9063,1.6989,0,1.328,0.7749,0.3245,0.2484,6.6267,0.0298,8.3355,0.1424,1.8413,0.0795,0.0497,0.0431,0.7749,0,0,1.881,32.097,25.5332,0.2848,27.4,"<2.5",0.0315484534155686,0.00178487991776469,0.0128399215026633,0.0169236519951406,10701000,"%"
"Grenada",0,23.0842,2.4889,0,1.4883,1.444,1.2856,2.8436,12.9576,0.1267,4.8195,0.0823,3.3186,0.19,0.8803,0.0697,0.874,0,0,0.1393,26.9158,16.8841,0.1077,20.2,NA,0.0205357142857143,0,0.0205357142857143,0,112000,"%"
"Guatemala",0,15.4397,1.7622,0,9.3956,2.6186,0.1482,1.2516,7.0735,0.0247,3.7385,0.0988,3.7879,0.5764,0.1235,0.0247,0.3788,0,0,0.9305,34.5603,17.8113,0.2553,18.8,"15.2",0.0962971389568284,0.00413514589613788,0.0179284454809169,0.0742335475797736,17581000,"%"
"Guinea",0,6.0747,0.7557,0,4.7086,0.3125,0.5014,0.3415,2.8993,0.0363,1.4896,0.1163,6.6633,0.1744,0,0.3343,0.2616,0,0,0.0073,43.9253,30.6133,0.7848,6.6,"16.5",0.0437223768210836,0.000253724013750205,0.0350466524799476,0.00842200032738582,12218000,"%"
"Guinea-Bissau",0,10.8323,0.6274,0,2.8828,0.1509,0.0715,0.2938,8.0527,0.0556,1.8027,0.1271,1.7154,0.0794,0,0.1985,0.2224,0,0,3.3116,39.1677,30.3288,0.0794,8.2,"28",0.0858967535923364,0.00117083555082491,0.0168706758914316,0.0678552421500798,1879000,"%"
"Guyana",0,22.7418,1.002,0,2.9072,0.334,1.169,1.503,12.555,0.0911,7.6287,0.0531,9.3518,0.3871,0.8653,0.129,0.9261,0,0,0.8805,27.2582,9.0633,1.1538,19.2,"8.1",0.0293742017879949,0.00153256704980843,0.0139208173690932,0.0139208173690932,783000,"%"
"Haiti",0,12.1462,1.7481,0,5.7517,0.1353,0.3722,1.6804,7.8944,0.0564,1.8608,0.1353,3.3157,0.8458,0,0.5526,0.3609,0,0.0226,0,37.8482,25.1494,0.1241,20.5,"49.3",0.0512918405398207,0.000887862913966084,0.00626831217260055,0.044135665453254,11263000,"%"
"Honduras",0,16.7113,2.6611,0,8.3159,0.7448,0.1302,0.376,7.8603,0.0651,5.2281,0.0868,0.5857,0.4194,0.0289,0.0217,0.3833,0,0,0.1012,33.2924,22.8722,0.1157,19.4,"12.9",0.18553252616458,0.00491483685614611,0.0192386620151857,0.161379027293249,9746000,"%"
"Hungary",0,28.9972,12.3082,0,1.2735,1.2018,0.1954,0.127,10.0576,0,5.2308,0.0033,0.3583,0.0391,0.1107,0.0391,0.7393,0,0,0.0456,21.0012,18.0699,0.2019,28.6,"<2.5",0.0423950870010235,0.0059467758444217,0.027482088024565,0.00896622313203685,9770000,"%"
"Iceland",0,34.4402,7.1086,0,4.3005,0.8991,1.6872,0.4975,13.6029,0.1199,11.0046,0.1349,0.8931,0.012,0.1079,0.03,1.5254,0,0,0.5005,15.5628,7.4053,0.1678,23.1,"<2.5",0.509141274238227,0.00277008310249307,0.503047091412742,0.00332409972299169,361000,"%"
"India",0,16.0538,7.4859,0,5.1196,0.7653,0.3783,0.4046,0.9061,0,6.4919,0.0264,3.7386,1.1084,0.8005,0.0792,0.0176,0,0,0.5014,33.9462,21.7804,0.3958,3.8,"14.5",0.0393939154456008,0.00118364663747364,0.0231141940605725,0.0150960747475546,1391885000,"%"
"Indonesia",0,9.1722,0.7049,0,6.6871,1.4549,2.5122,0.7139,3.6237,0,0.7049,0.1627,7.3649,0.0452,0.3886,0.3072,0.497,0,0.0633,0.3976,40.8368,24.0918,0.2711,6.9,"8.3",0.0201215264195158,0.00102600784594235,0.00854484965669346,0.01055066891688,268419000,"%"
"Iran (Islamic Republic of)",0,16.9273,6.0372,0,5.5867,1.3259,0.6114,0.6243,6.1724,0,2.6389,0.1416,0.4055,0.2961,0.2124,0.1738,0.0451,0,0,4.9044,33.0759,20.2935,0.5278,25.5,"4.9",0.265363301593355,0.0125227920058157,0.21845765155939,0.0343828580281489,83911000,"%"
"Iraq",0,11.1327,3.8118,0,6.2761,1.9023,0.1441,0.2306,3.5164,0.0432,1.7366,0.0288,0.9584,0.1369,0.0576,0.0288,0.7278,0,0,0.6341,38.8673,29.6152,0.1513,27.4,"29",0.115497328923938,0.00446705672856779,0.0537318748410074,0.0572983973543628,39310000,"%"
"Ireland",0,27.1689,8.6472,0,2.7091,0.9231,0.9372,0.2829,10.0477,0.0283,6.5464,0.0707,0.863,0.0389,0.0707,0.0531,1.5137,0,0,0.8417,22.8329,16.1839,0.2405,26.9,"<2.5",0.515063778092731,0.0351285685361409,0.473051224944321,0.00688398461226969,4939000,"%"
"Israel",0,15.8138,1.2809,0,1.6083,0.87,0.5746,1.6051,8.1541,0.0257,4.8443,0.0867,3.0787,0.1605,0.061,0.0353,0.8315,0,0,1.3194,34.1862,25.1782,0.2857,26.7,"<2.5",0.2788472825449,0.00373283249207653,0.200422584810424,0.0746918652423993,8519000,"%"
"Italy",0,21.8727,5.3931,0,1.3598,1.0529,0.7327,0.2541,8.7134,0.0198,5.9146,0.0627,0.4753,0.0858,0.0099,0.0297,0.1056,0,0,1.4324,28.1306,24.127,0.2277,22.9,"<2.5",0.398226862208965,0.0575656640981026,0.313018477090065,0.0276427210207971,60345000,"%"
"Jamaica",0,23.0867,6.1721,0.0064,2.2375,0.3242,1.2204,0.4322,9.5156,0.1081,5.7081,0.1462,3.4389,0.089,1.4302,0.2161,0.3496,0,0,0.1398,26.9133,18.1732,0.2924,24.4,"8",0.0247598719316969,0.000355745286374956,0.0196371398078975,0.0047669868374244,2811000,"%"
"Japan",0,19.4516,1.9098,0.0057,1.8642,3.1241,3.2666,0.1881,7.8331,0.0285,3.2096,0.1026,2.9816,0.0342,0.1425,0.0513,0.8266,0.0057,0,0.6499,30.5456,23.4308,0.3478,4.4,"<2.5",0.0145553970518307,0.000770328102710414,0.0129394515771121,0.000845617372008242,126180000,"%"
"Jordan",0,12.2622,1.8696,0,3.7391,0.5224,0.3189,0.198,5.8122,0.0385,3.6512,0.088,2.5074,0.2584,0.1155,0.055,0.5994,0,0,0.9018,37.7378,29.0553,0.2694,33.4,"12.2",0.0107385764920011,8.62151547083054e-05,0.00823833700546029,0.00241402433183255,10439000,"%"
"Kazakhstan",0,23.4158,3.0343,0,1.7405,0.8975,0.1321,0.1787,9.674,0.0389,9.5031,0.1748,0.6488,0.0078,0.0272,0.1088,0.9946,0,0,0.7654,26.5822,21.7258,0.3497,21.3,"<2.5",0.115225025663191,0.00096169431087579,0.0698741152952618,0.0443892160570533,18509000,"%"
"Kenya",0,17.7332,1.8742,0,9.9701,0.3438,0.2773,1.0757,6.5654,0,8.4951,0.1885,1.6746,0.8429,0.0555,0.2551,0.0665,0,0,0.5989,32.2724,17.5003,0.2107,6,"29.4",0.0115456309202267,0.000271997565336478,0.00374900140753985,0.0075246319473504,52574000,"%"
"Kiribati",0,10.5699,0.7467,0,1.956,0.265,3.0833,0.3517,6.1955,0.0434,0.2553,0.0193,28.5639,0,0.0145,0.2409,0.0193,0,0,0.8094,39.4325,7.2939,0.1397,45.6,"2.7",NA,NA,NA,NA,123000,"%"
"Korea, North",0,11.4709,0.0262,0,7.2234,1.6911,0.5375,0.6424,8.7179,0.0131,0.4195,0.0918,0.9832,0.6555,0,0.3146,0.0393,0,0,0.0262,38.516,27.5957,1.0357,7.1,"47.8",NA,NA,NA,NA,25666000,"%"
"Korea, South",0.0976,20.0483,4.2523,0.0511,1.8403,1.3524,1.9147,0.1766,11.186,0,1.1386,0.1534,1.8914,0.0186,0.0372,0.0325,0.237,0,0,1.2036,29.9563,23.7197,0.6924,4.9,"<2.5",0.0246055626277823,0.000543918527948154,0.0220441306947498,0.00201751340508429,51846000,"%"
"Kuwait",0,19.8923,2.1588,0,3.0847,2.3242,0.3732,0.3496,9.5706,0.1086,5.2766,0.189,1.3416,0.1984,0.5385,0.0472,1.5353,0,0,1.181,30.1101,21.215,0.5055,37,"2.8",1.06826717375802,0.00827192773948182,0.84368908961255,0.21630615640599,4207000,"%"
"Kyrgyzstan",0,29.1225,3.4472,0,4.0964,0.8655,0.0895,0.2388,10.1776,0.0448,14.2068,0.3358,0.0895,0.194,0.097,0.1865,2.1564,0,0,1.5893,20.8849,11.461,0.7163,15.4,"7.1",0.0776986216509215,0.00077435341489856,0.0355273346755459,0.041396933560477,6457000,"%"
"Lao People's Democratic Republic",0,21.6306,3.9594,0,9.0989,0.4974,1.6871,0.8777,15.0283,0.0878,0.2243,0.2243,5.6076,0.1365,1.0435,0.3121,0.078,0.1853,0,0.0683,28.3792,9.762,1.1118,4.5,"16.5",0.000266292922214436,0,0.000266292922214436,0,7135000,"%"
"Latvia",0,30.439,10.443,0,1.5314,1.343,0.8819,0.2526,9.7976,0.0361,7.8613,0.1122,0.6334,0,0.0321,0.1323,2.0044,0,0,0.8819,19.563,13.7943,0.2606,25.7,"<2.5",0.058337689492943,0.00156821745948772,0.0487192890747517,0.00805018295870361,1913000,"%"
"Lebanon",0,12.4024,2.1637,0,2.253,0.329,0.3681,0.58,5.1361,0.039,4.3553,0.0502,2.8385,0.2175,0.0836,0.1171,0.725,0,0,2.911,37.5976,27.4593,0.3736,31.3,"11",0.0253792298716453,0.000495915985997666,0.0168173862310385,0.0080659276546091,6856000,"%"
"Lesotho",0,12.96,0.529,0,18.3763,0.2415,0.253,0.1495,9.1881,0.046,2.4149,0.345,0.782,0.4025,0.391,0.184,0.1495,0,0,0.0345,37.0285,16.3523,0.1725,13.5,"13.1",0.00127058823529412,0,0.000188235294117647,0.00108235294117647,2125000,"%"
"Liberia",0,7.4228,0.4154,0,3.3592,0.2528,0.3702,0.1445,6.0051,0.0361,0.2438,0.1355,1.5803,0.0361,0,0.307,0.1174,0,0,0.3883,42.5772,36.4186,0.1896,8.6,"37.2",0.0155560056714604,0.000688677334413612,0.00603605428397812,0.00883127405306866,4937000,"%"
"Lithuania",0,32.3048,9.388,0,1.7819,1.9226,1.238,0.3283,14.2134,0.0094,5.4302,0.1125,0.8441,0.2345,0.197,0.061,0.3423,0,0,0.9238,17.6975,12.7128,0.2579,28.4,"<2.5",0.0651237890204521,0.00279870828848224,0.0539289558665231,0.00839612486544672,2787000,"%"
"Luxembourg",0,32.4517,6.4786,0,1.8437,1.6645,0.6987,0.3256,16.3118,0.0658,7.2286,0.0658,0.6402,0.0146,0.1646,0.0329,3.3838,0,0,0.128,17.5519,10.6855,0.2634,24.2,"<2.5",0.684193548387097,0.017741935483871,0.641612903225806,0.0248387096774194,620000,"%"
"Madagascar",0,19.0932,1.7454,0,10.0681,0.3406,0.745,1.2984,11.5581,0.0213,4.4274,0.298,1.5113,0.3193,0.2554,0.9153,0.1916,0.0213,0,0.2129,30.9068,15.8791,0.1916,4.5,"44.4",0.00770514294189625,6.67432978605065e-05,0.00350031517668434,0.0041380844673514,26969000,"%"
"Malawi",0,18.8711,2.6263,0,13.0891,0.2753,0.6672,1.3767,14.6458,0.0106,0.4024,0.2542,5.6232,0.7519,0.0529,1.3555,0.0318,0,0,0.2012,31.1236,8.4189,0.2224,4.7,"17.5",0.00615169896398089,6.97836706210747e-05,0.00139567341242149,0.00468624188093832,18629000,"%"
"Malaysia",0,17.1723,1.4813,0,2.2933,2.7596,1.8599,0.1756,9.8041,0.0713,1.2289,0.0329,1.7502,0.0658,0.6584,0.0329,0,0,0,0.3731,32.8304,27.174,0.2359,15.3,"2.5",0.0263609440356609,0.000369431807773334,0.0253961469178396,0.000595365310047935,32753000,"%"
"Maldives",0,29.7398,4.8409,0,4.5092,3.2756,8.4068,0.4665,5.836,0.4561,7.3909,0,1.3683,0.0518,1.1713,0.0622,1.7207,0,0,4.9756,20.255,4.9549,0.5183,7.9,"10.3",0.434392523364486,0.00149532710280374,0.357196261682243,0.0757009345794392,535000,"%"
"Mali",0,17.4631,1.2195,0,12.0873,0.1327,0.4065,0.2987,5.6745,0.0249,9.7146,0.3152,3.3765,0.5475,0.1244,0.1327,0.0332,0,0,1.3357,32.5369,14.1945,0.3816,7.1,"6.3",0.0109217621324652,0.000579916573405229,0.00728456607996744,0.00305727947909248,19658000,"%"
"Malta",0,29.3856,6.6557,0,4.8786,1.3878,1.3074,0.2666,10.6541,0.0169,9.3298,0.0508,1.4978,0.0804,0.0804,0.0296,2.6783,0,0,1.172,20.6144,9.3975,0.5162,31,"<2.5",0.134,0.0018,0.1272,0.005,5e+05,"%"
"Mauritania",0,17.4021,1.7485,0,4.3092,0.4337,0.5369,0.0895,5.7479,0.0688,8.646,0.2822,0.5025,0.3373,0,0.0207,0.1652,0,0,0,32.6014,26.9567,0.1514,11.3,"10.4",0.0916703490941228,0.00278391515687141,0.031352187361909,0.0575342465753425,4526000,"%"
"Mauritius",0,12.8934,1.4559,0,3.2471,0.7355,1.0457,0.1501,6.7594,0.1001,2.8418,0.055,1.566,0.2502,0.3452,0.025,0.9856,0,0,0.2702,37.1041,29.9945,0.1751,11.5,"6.5",0.0269352290679305,0.000789889415481833,0.0257503949447077,0.000394944707740916,1266000,"%"
"Mexico",0,23.7741,3.2525,0,6.4604,2.2807,0.4661,0.5305,13.2133,0.005,4.3433,0.2182,1.185,0.238,0.2529,0.0248,0.2033,0,0,0.7437,26.2234,16.3419,0.2429,28.4,"3.6",0.171320224053343,0.0210527979016725,0.130075764159365,0.0201916619923051,126577000,"%"
"Mongolia",0,36.9018,5.5153,0,2.7445,0.593,0.0315,0.042,21.0223,0.0525,9.0628,0.6717,0.1259,0.0105,0.0052,0.042,1.6373,0,0,0.0787,13.0982,8.2231,0.1417,19.6,"13.4",0.00672988681553992,0,0.00535331905781585,0.00137656775772407,3269000,"%"
"Montenegro",0,32.7855,3.8887,0,3.7312,1.1566,0.3473,0.3688,14.7778,0.1003,12.5363,0.0752,0.5837,0.0788,0.043,0.0251,2.5531,0,0,0.8415,17.2163,8.6332,0.2578,24.9,"<2.5",0.0773311897106109,0.00176848874598071,0.0506430868167203,0.02491961414791,622000,"%"
"Morocco",0,15.4227,3.5807,0,7.1539,1.1517,1.2329,0.7014,6.9989,0.0074,2.2296,0.2289,0.7309,0.1477,0.3987,0.096,0.1993,0,0,1.9048,34.5736,22.9457,0.2953,25.6,"3.4",0.0338662994913873,0.000621013291370444,0.0245595301655099,0.00868575603450698,35587000,"%"
"Mozambique",0,11.591,1.1197,0,8.8101,0.5537,0.849,0.1846,6.8783,0.0369,2.0795,0.1107,1.1936,0.7014,0.0246,0.849,0.0984,0,0,0.8244,38.4152,25.5199,0.16,6,"27.9",0.00282882170848976,1.64657841006389e-05,0.000750839754989133,0.00206151616939999,30366000,"%"
"Myanmar",0,26.047,3.0066,0,3.8192,0.9251,2.5441,0.275,18.1335,0.0375,1.2814,0.1563,5.1194,0.6938,0.5313,0.0625,0.025,0,0.0813,0.2688,23.953,12.7453,0.2938,5.7,"10.6",NA,NA,NA,NA,54045000,"%"
"Namibia",0,16.7373,3.3171,0,6.802,0.2718,0.6075,0.2798,7.7772,0.0959,4.548,0.2078,0.8792,0.4316,0.4236,0.5915,0.5995,0,0,0.1199,33.2667,22.9078,0.1359,15,"27.3",0.00733466933867735,0,0.000961923847695391,0.00637274549098196,2495000,"%"
"Nepal",0,12.1853,3.3076,0,7.1664,0.4361,0.1563,0.5513,2.7069,0.0082,5.4139,0.1563,0.4525,0.5513,1.1437,0.1975,0.2468,0.1892,0,0.5019,37.8147,26.2136,0.6006,3.8,"8.7",0.0446432940683002,9.78712992414974e-05,0.010531650879094,0.0340137718899647,28609000,"%"
"Netherlands",0,30.1494,6.6484,0,1.2702,1.4787,0.7451,0.3475,10.8567,0,10.3934,0.027,0.3591,0.0309,0.1235,0.0849,0.0541,0,0,1.498,19.8525,15.8449,0.2355,23.1,"<2.5",0.290481684453418,0.0353273723680415,0.0010729737525238,0.254081338332853,17335000,"%"
"New Caledonia",0,22.2697,3.6599,0,5.0979,1.0439,0.8385,0.2222,11.6086,0.2851,5.0476,0.0755,3.3036,0.0293,0.0629,0.0335,1.3961,0,0,0.2557,27.7282,16.8532,0.1887,NA,"7.1",NA,NA,NA,NA,291000,"%"
"New Zealand",0,34.1264,13.9753,0,1.3271,1.2111,0.6485,0.3049,13.9409,0,4.2948,0.0601,2.0228,0.0773,0.0859,0.0687,0.0945,0,0,1.3357,15.8736,10.2689,0.2835,32,"<2.5",0.0307259199678263,0.000442388900060326,0.0298411421677056,0.000442388900060326,4973000,"%"
"Nicaragua",0,17.9935,2.3309,0,9.2369,1.008,0.4174,0.1339,7.6069,0.1102,6.5123,0.1102,1.9214,0.4646,0.0079,0.1024,0.4252,0,0,0.0315,32.0104,19.3952,0.1811,21.8,"17",0.0331500152765047,0.00113046135044302,0.018912312862817,0.0131072410632447,6546000,"%"
"Niger",0,10.9769,2.6573,0,12.436,0.058,0.1353,0.2416,3.6332,0.0097,4.3193,0.1836,13.4216,1.4398,0.3479,0.0483,0.029,0,0,0,39.0279,10.5904,0.4445,4.7,"16.5",0.00460726695551456,0.000287417957187594,0.00402814122088284,0.000291707777444125,23311000,"%"
"Nigeria",0,5.0182,0.8078,0,7.1082,0.5755,0.5957,0.3433,2.4838,0.0101,0.4645,0.0909,4.3922,0.4241,0.4746,1.2621,0.0404,0,0,0.2322,44.9818,30.1494,0.5452,7.8,"13.4",0.0122245775362752,0.000281144881670349,0.00448189725522979,0.00746153539937501,200964000,"%"
"North Macedonia",0,19.642,7.1263,0,1.9013,0.7305,0.2371,0.4112,6.5409,0.0435,4.8476,0.15,2.0174,0.1355,0.4886,0.0774,1.7078,0,0,1.1708,30.3628,21.6642,0.745,23.9,"3.2",0.292589027911453,0.0137632338787296,0.111405197305101,0.167420596727623,2078000,"%"
"Norway",0,27.2211,6.4445,0,1.9601,1.0645,1.5545,0.4055,10.6992,0.3244,7.4043,0.0541,1.7032,0.0912,0.0473,0.0473,1.6796,0,0,0.8888,22.7806,15.4642,0.1656,25,"<2.5",0.165668849391955,0.00465855940130964,0.152254443405051,0.00875584658559401,5345000,"%"
"Oman",0,23.6146,2.3712,0,3.7744,1.4422,0.929,0.7926,9.0171,0.0325,9.6407,0.2144,1.1174,0.1689,0.7276,0.039,1.0979,0,0,0.6107,26.3821,17.4495,0.5782,22.9,"6.8",0.812566560170394,0.00347177848775293,0.451544195953142,0.357550585729499,4695000,"%"
"Pakistan",0,24.8245,8.9701,0,4.2124,0.6203,0.0818,0.1227,3.4967,0.0068,11.5125,0.1431,1.0906,0.2726,0.2249,0.0341,0.0204,0.0613,0,0.1909,25.1789,18.8603,0.075,7.8,"20.3",0.0953579756655046,0.00192413363193498,0.0440546718075405,0.0493791702260291,216565000,"%"
"Panama",0,25.9557,9.1864,0,3.8355,0.8991,0.8614,0.5722,9.1046,0.132,5.7281,0.1823,1.4273,0.1509,0.0377,0.0566,1.0375,0,0,0.4339,24.0317,16.2412,0.1258,22.5,"10",0.751031050011851,0.014316188670301,0.366674567433041,0.370040293908509,4219000,"%"
"Paraguay",0,19.8084,3.8811,0,4.9807,1.5622,0.1742,0.3974,10.2335,0.0272,3.7069,0.2558,2.0576,0.2123,0.0218,0.5552,0.5334,0,0,0.0163,30.1889,21.2672,0.1198,19,"10.7",0.0297233091112353,0.000209614309670207,0.0148826159865847,0.0146310788149804,7156000,"%"
"Peru",0,18.0402,1.1055,0,5.5879,2.1206,1.9497,1.6382,6.8241,0.0302,5.608,0.4322,2.5628,0.603,0.0704,0.6834,0.4523,0,0,0.2312,31.9598,19.6482,0.4523,19.1,"9.7",0.879201409647274,0.029316258141657,0.528611434504893,0.321273717000724,31781000,"%"
"Philippines",0,29.7607,7.3714,0,3.4748,1.0544,1.6045,0.7243,18.887,0.0275,0.5684,0.2751,2.2371,0.055,0.0642,0.22,0.3576,0,0.0183,0.7701,20.2439,11.9281,0.3576,6,"13.3",0.0327931777611292,0.00115060536270892,0.00895881313761943,0.0226837592608008,108117000,"%"
"Poland",0,32.746,12.3719,0,1.6183,0.7141,0.4851,0.2057,13.3072,0,5.86,0.0078,0.4967,0.031,0.0427,0.1087,0.0737,0,0,0.4385,17.254,13.9747,0.2639,25.6,"<2.5",0.0882994791666667,0.00374479166666667,0.0535104166666667,0.0310442708333333,38400000,"%"
"Portugal",0,26.4556,9.5983,0,2.1808,0.7993,1.0267,0.2825,10.3459,0.0138,4.5442,0.1378,0.4203,0.0689,0.0413,0.0586,1.354,0,0,0.7648,23.5444,18.0803,0.2825,23.2,"<2.5",0.405550686532282,0.0152303048008569,0.263569967864446,0.126750413866978,10269000,"%"
"Republic of Moldova",0,26.5244,6.8551,0,2.557,1.5517,0.6921,0.2987,9.7764,0.0656,7.5326,0.1238,0.2841,0.0291,0.0146,0.0874,0.8305,0,0,0.1093,23.472,18.8388,0.357,20.1,NA,0.458650860852385,0.0149590742308778,0.256308213378493,0.187383573243014,3543000,"%"
"Romania",0,27.4359,6.8987,0,2.5519,1.5914,0.1994,0.293,7.9894,0.0366,10.6349,0.1221,0.5495,0.0407,0.4965,0.1099,0.8506,0,0,0.6797,22.56,16.512,0.4477,24.5,"<2.5",0.135907236196477,0.00832601621817055,0.0971747327100873,0.0304064872682196,19361000,"%"
"Russian Federation",0,27.936,7.2,0,1.6511,1.9603,0.9415,0.2138,10.8433,0.0091,6.8453,0.1455,0.7823,0.0546,0.0273,0.141,0.4184,0,0,0.1274,22.064,18.3753,0.2638,25.7,"<2.5",0.43178537596009,0.00617456433882411,0.271541800982751,0.154069010638515,146731000,"%"
"Rwanda",0,11.0727,1.0364,0,4.8545,0.1636,0.6364,9.6727,5.2182,0.0182,3.7818,0.2364,3.6545,2.6909,0.0545,2.1636,0.0545,0,0,0.0182,38.9091,15.5091,0.2545,4.8,"36.8",0.00712758374910905,1.58390749980201e-05,0.00350835511206146,0.00360338956204958,12627000,"%"
"Saint Kitts and Nevis",0,24.3013,4.737,0,2.0602,0.56,0.7296,0.3596,14.3547,0.1439,3.7916,0.1233,2.9028,0.1541,0.2055,0.0462,0.1798,0,0,0.5189,25.7039,19.0043,0.1233,23.1,NA,0.0283018867924528,0,0.0283018867924528,0,53000,"%"
"Saint Lucia",0,33.3454,3.813,0,1.6712,0.5249,1.5867,0.3741,22.8778,0.1629,4.3137,0.2353,2.4012,0.181,0.4163,0.0965,0.9894,0,0,0.5551,16.6516,9.6531,0.1508,19.8,NA,0.0105555555555556,0,0.0105555555555556,0,180000,"%"
"Saint Vincent and the Grenadines",0,24.4653,1.085,0,4.3274,0.7589,0.715,0.7526,17.529,0.2258,4.2521,0.1254,0.6773,0.2759,1.2919,0.1756,1.7184,0,0,0.4516,25.5315,15.3904,0.2509,23.8,"5.7",0.0261261261261261,0,0.0261261261261261,0,111000,"%"
"Samoa",0,21.6806,4.778,0.0036,1.5771,0.2227,1.8968,0.6287,13.2418,0.0683,1.4693,0.0683,16.8666,0,0.115,0.3341,0.291,0,0,0.0611,28.3194,8.3345,0.0431,45.5,"2.7",NA,NA,NA,NA,199000,"%"
"Sao Tome and Principe",0,7.3284,0.6241,0,2.9864,0.1074,1.4361,1.2013,4.1809,0.0537,0.9731,0.0134,20.7704,0.1342,0.0336,0.1544,0.0738,0,0,0.0268,42.6616,17.1666,0.0738,10.6,"7",0.346116504854369,0.00631067961165049,0.10631067961165,0.233495145631068,206000,"%"
"Saudi Arabia",0,15.3954,2.6475,0,5.2126,0.9019,0.4122,0.4219,6.9243,0.0873,4.4125,0.097,0.6207,0.1794,0.48,0.0291,1.251,0,0,0.7128,34.607,25.4182,0.1891,35,"7.1",0.533324566017885,0.00453270208662108,0.364588812905488,0.164203051025776,34218000,"%"
"Senegal",0,6.104,0.7876,0,5.7374,0.258,0.7129,0.0815,3.2319,0.0068,0.9845,0.1222,3.9041,0.1222,0.1697,0.0543,0.2037,0,0,0.387,43.9028,33.0391,0.1901,7.4,"11.3",0.0404148257241041,0.000644329896907216,0.0263316151202749,0.0134388807069219,16296000,"%"
"Serbia",0,33.0354,4.0698,0,2.1213,1.5195,0.3396,0.578,18.1385,0.006,8.7594,0.2145,1.1262,0.0775,0.0834,0.0596,1.5016,0,0,0.9355,16.9646,10.1061,0.3635,23.5,"5.7",0.202246220302376,0.00388768898488121,0.17946724262059,0.0188912886969042,6945000,"%"
"Sierra Leone",0,5.9931,0.1678,0,3.2063,0.2983,1.2117,0.261,2.0412,0.0373,2.1996,0.0746,4.856,0.466,0.2889,0.4474,0.0746,0,0,0.0559,44.0022,34.0479,0.2703,7.5,"25.6",0.0182644310764111,0.000767950851145527,0.0120696275438372,0.00542685268142839,7813000,"%"
"Slovakia",0,25.493,14.9373,0,2.0003,1.1183,0.2331,0.1386,5.8496,0.0095,3.2697,0.0851,0.7686,0.0221,0.0599,0.041,0.7655,0,0,0.4253,24.507,20.1474,0.1292,22.4,"3.4",0.0305097176384305,0.000513384671800513,0.0267876787678768,0.00320865419875321,5454000,"%"
"Slovenia",0,26.6163,10.0008,0,3.5771,1.1287,0.3693,0.4606,8.5899,0.0622,6.4155,0.112,0.8714,0.0415,0.1784,0.0539,2.411,0,0,1.5852,23.3878,13.8684,0.2697,22.5,"<2.5",0.0757183908045977,0.00531609195402299,0.0662835249042146,0.00411877394636015,2088000,"%"
"Solomon Islands",0,13.6649,3.4726,0,3.0802,0.2943,2.5505,0.569,6.5431,0.0981,0.7553,0.049,16.5686,0.5199,0.1962,2.1778,0.981,0,0,0.3139,36.3351,11.752,0.0785,20.5,"8.9",NA,NA,NA,NA,699000,"%"
"South Africa",0,19.7743,0.8542,0,6.4308,1.0982,0.2379,0.0854,14.1489,0,3.1056,0.3295,1.1836,0.0427,0.1037,0.0549,0.2807,0,0,0.0915,30.2257,21.7877,0.1647,27,"6.2",0.235659205677631,0.00418998225740412,0.117587348164324,0.113881875255903,58616000,"%"
"Spain",0,19.5253,2.4641,0,1.078,1.2521,1.0814,0.375,9.2772,0,5.3601,0.0937,1.0513,0.0971,0.0134,0.0469,0.4955,0,0,1.3626,30.4731,25.6922,0.2611,27.1,"<2.5",0.528477046289805,0.0602107365156247,0.319452764854588,0.148813544919593,47073000,"%"
"Sri Lanka",0,10.1348,0.3195,0,2.7159,1.1682,2.2766,0.5791,2.027,0.01,4.2336,0.0999,27.1892,0.3794,1.4279,0.0899,0.1198,0,0.01,0.4194,39.8602,6.7,0.2396,5.4,"9",0.00930221938076537,5.02328979815508e-05,0.00758516759521417,0.00166681888756964,21898000,"%"
"Sudan",0,20.1511,1.7092,0,5.6998,0.2347,0.0587,0.3961,7.0789,0.0073,10.8055,0.2641,3.7265,0.4108,0.1174,0.0587,0.0587,0,0,0,29.8489,19.0214,0.3521,7.4,"20.1",0.0216219372620466,0.00133604279074113,0.00937565692663443,0.010910237544671,42813000,"%"
"Suriname",0,14.8751,0.7849,0,3.1593,0.9601,0.772,0.2335,10.639,0.1557,1.6867,0.0324,3.1139,0.0649,0.0584,0.1103,0.8823,0,0,0.1557,35.1281,26.9089,0.2789,26.5,"8.5",0.0813953488372093,0.00182724252491694,0.0330564784053156,0.0465116279069767,602000,"%"
"Sweden",0,28.4111,9.7148,0,1.9481,1.3741,0.8778,0.3556,8.8481,0.0481,7.5926,0.0074,0.9519,0.0296,0.1111,0.0481,0.2333,0,0,0.9704,21.5852,16.663,0.2296,22.1,"<2.5",0.633258798366712,0.0513319074470154,0,0.581926890919697,10286000,"%"
"Switzerland",0,28.1054,6.2293,0,1.1241,0.93,0.4048,0.3379,12.0906,0,8.3804,0.0703,0.5286,0.0268,0.0836,0.0368,0.174,0,0,1.9772,21.8962,17.3898,0.2141,21.2,"<2.5",0.368840410639291,0.0228884741017265,0.339477368175455,0.00647456836210919,8572000,"%"
"Taiwan*",0,19.3217,2.6952,0,1.1629,1.4818,0.4667,0.2956,13.2817,0.0194,1.3223,0.07,2.8197,0.0506,0.105,0.0194,0.4823,0,0,0.6145,30.6783,24.8016,0.3111,NA,"3.5",0.00189462976306532,2.96698173186962e-05,0.00184376721909041,2.11927266562116e-05,23593000,"%"
"Tajikistan",0,12.6827,0.0348,0,10.2035,0.5741,0.0174,0.3566,7.159,0.0348,4.6799,0.2175,1.27,0.1131,0.0174,0.0783,1.1308,0,0,0.4175,37.3173,22.7557,0.9395,12.6,NA,0.0634312981238477,0.000563930159418718,0.0482377182518165,0.0146296497126125,9221000,"%"
"Thailand",0,19.5718,1.666,0,2.538,2.8961,1.7984,0.506,11.6621,0.0078,1.4636,0.0934,4.6166,0.1012,1.7594,0.0701,0.1246,0,0,0.2647,30.4165,20.2336,0.2102,10.8,"7.8",0.00476391358061892,8.73836140657486e-05,0.00459969265073673,7.68373158164341e-05,66374000,"%"
"Timor-Leste",0,17.8988,2.0345,0,10.2168,0.2446,0.7893,1.3007,14.5525,0.1112,0.1779,0.0889,3.5353,0.2779,0.1445,0.1779,0.2001,0,0,0.0111,32.1067,15.9644,0.1668,2.9,"24.9",0.00185614849187935,0,0.00185614849187935,0,1293000,"%"
"Togo",0,5.3063,0.5351,0,8.9093,0.1962,0.5708,0.0624,3.3889,0.0803,0.544,0.0713,2.9608,0.8918,0.223,0.6064,0.1694,0,0,0,44.6892,30.643,0.1516,7.1,"16.1",0.00794357832219748,0.000173224449393714,0.00496164315763425,0.00280871071516951,8082000,"%"
"Trinidad and Tobago",0,23.3455,5.3472,0,2.5134,0.6185,0.7816,0.3205,11.386,0.1012,5.1279,0.0843,3.1993,0.343,0.4386,0.0843,0.4386,0,0,0.596,26.6573,18.4369,0.1799,19.7,"5.5",0.0092511013215859,0.000587371512481645,0.00800293685756241,0.00066079295154185,1362000,"%"
"Tunisia",0,12.7886,2.6543,0,3.2543,0.9255,0.5085,0.4068,4.0323,0.0102,4.5764,0.0915,1.4085,0.2034,0.3407,0.0407,0.3,0,0,2.3289,37.2114,28.1552,0.7627,27.3,"4.3",0.0100214316330904,0.00042863266180883,0.00882126018002572,0.000771538791255894,11665000,"%"
"Turkey",0,13.6766,2.9392,0,2.0428,0.825,0.1428,0.3292,3.8475,0.0079,5.8586,0.0674,1.7453,0.3808,0.3729,0.0516,0.0912,0,0,2.8162,36.3175,27.8172,0.6703,32.2,"<2.5",0.238767901025337,0.00617017928262738,0.206513975813188,0.0260837459295217,82607000,"%"
"Turkmenistan",0,32.6886,6.4856,0,2.9938,1.106,0.1274,0.3069,17.4764,0.0347,7.4411,0.0521,0.3938,0.0405,0.0058,0.0521,1.0829,0,0,0.1969,17.3085,11.761,0.4459,17.5,"5.4",NA,NA,NA,NA,5942000,"%"
"Uganda",0,12.3139,0.9627,0,3.4479,0.2239,0.862,0.7164,6.101,0.0112,4.0188,0.1343,6.5599,1.0411,0.0336,0.5709,0.1008,0,0,0,37.6917,25.0532,0.1567,4.1,"41",0.00194036593629998,0,0.00179353964309916,0.000146826293200813,44270000,"%"
"Ukraine",0,26.91,5.494,0,3.0837,2.4481,0.516,0.3084,9.635,0.0063,8.691,0.1196,0.1007,0.0629,0.0378,0.2266,0.4972,0,0,0.7867,23.09,17.4638,0.5223,26.1,"3.5",0.104327140376335,0.00271665437590694,0.0465899088897876,0.0550205771106406,42037000,"%"
"United Arab Emirates",0,21.4437,4.0036,0,3.0418,1.1407,0.8108,0.6766,9.461,0.1006,5.86,0.1677,3.204,1.0624,1.1295,0.0168,0.1454,0,0,3.8246,28.5563,14.924,0.4306,29.9,"2.6",0.498612559983309,0.003265178385145,0.379835176298769,0.115512205299395,9586000,"%"
"United Kingdom",0,25.8633,4.2615,0,1.4678,1.0778,0.5176,0.4219,12.5789,0.078,7.353,0.0745,1.1664,0.0638,0.1276,0.0851,1.4642,0,0,0.702,24.1332,18.3507,0.2127,29.5,"<2.5",0.467792856822229,0.0652881061750931,0.00204090793470292,0.400463842712433,66833000,"%"
"United Republic of Tanzania",0,7.5907,1.5442,0,4.214,0.0744,0.4558,0.2698,3.014,0,2.5023,0,8.3628,1.0233,0.1302,0.7163,0.0279,0,0,0.3628,42.4093,27.0605,0.2419,7.1,"30.7",0.000877510559434531,3.62037755365917e-05,0.000315490043961727,0.000525816739936212,58005000,"%"
"United States of America",0,21.2045,3.3013,0,1.2829,1.25,0.3887,0.4426,9.4166,0,6.8359,0.009,1.7464,0.0449,0.0867,0.0478,0.3977,0,0,0.942,28.797,23.6117,0.1944,37.3,"<2.5",0.774410684392972,0.0382202197762135,0.208159731188839,0.504051611256771,329153000,"%"
"Uruguay",0,25.5069,3.4811,0,2.5698,1.2804,0.3281,0.1777,12.2841,0.0456,8.0603,0.0729,1.5127,0.0729,0.0319,0.1002,0.7564,0,0,0.1367,24.4908,18.8819,0.2096,28.9,"<2.5",0.0263995453253765,0.000767263427109974,0.0232452401250355,0.00238704177323103,3519000,"%"
"Uzbekistan",0,25.9903,2.4884,0,2.7168,1.0639,0.0962,0.583,10.3624,0.012,11.805,0.1743,0.3366,0,0.018,0.0902,0.1683,0,0,0.7754,24.0067,18.4589,0.8535,15.3,"6.3",0.0237459293119417,6.57285411251531e-05,0.0159212452570882,0.0077589555137283,33471000,"%"
"Vanuatu",0,14.9179,1.9531,0,4.1249,0.3509,1.4343,0.3052,9.9334,0.0254,1.1495,0.0966,23.1779,0,0.1068,0.4578,0.2187,0,0,0.0356,35.0847,6.4849,0.1424,23.5,"7.2",NA,NA,NA,NA,313000,"%"
"Venezuela (Bolivarian Republic of)",0,16.3261,2.2673,0,2.5449,0.6555,0.5707,0.964,7.0949,0.0077,5.5217,0.2082,0.1003,0.1157,0,0.1311,0.0848,0,0,0.0154,33.6855,29.5211,0.1851,25.2,"21.2",0.0185755365408893,0.000154299340720999,0.00578271847383925,0.0126385187263291,28516000,"%"
"Vietnam",0,33.2484,3.8238,0,3.7155,0.7839,1.1217,0.4079,26.4292,0.0064,0.752,0.3378,4.2891,0.0765,0.6309,0.0701,0.0829,0.0382,0,1.1726,16.7548,5.6211,0.6373,2.1,"9.3",0.000371121518775613,0,0.000344986200551978,2.61353182236347e-05,95656000,"%"
"Yemen",0,12.5401,2.0131,0,11.5271,0.5514,0.3847,0.2564,8.001,0.0256,1.3463,0.2436,0.7565,0.5001,0.1026,0.0513,0.3718,0,0,0.0769,37.4535,23.6312,0.1667,14.1,"38.9",0.00383375625814416,0.00103559426651121,0.00147452163774775,0.00132364035388519,29162000,"%"
"Zambia",0.0783,9.6005,1.6113,0,14.3225,0.6266,1.007,0.1343,4.901,0.0224,1.2756,0.179,9.8915,0.0783,0.1567,0.2014,0.0671,0,0,0.0112,40.3939,15.2848,0.1567,6.5,"46.7",0.00871731705951515,0.000123173394546778,0.00734001455685572,0.00125412910811265,17861000,"%"
"Zimbabwe",0,10.3796,2.9543,0,9.7922,0.3682,0.2455,0.0614,4.5674,0.0175,2.104,0.1315,1.9462,0.114,0.0526,0.0877,0.1052,0,0,0.4296,39.6248,26.9396,0.0789,12.3,"51.3",0.00387162854216456,4.09696142027996e-05,0.00096961420279959,0.00286104472516217,14645000,"%"
